dataset	method	module	n_control	n_tumor	mean_control	mean_tumor	logFC	p	auc	fdr
GSE15471	gsva_ssgsea	caf_fibroblast	36	36	0.36030422470124	0.5729221971324183	0.2126179724311782	1.938221961943567e-11	0.9158950617283952	1.4599895748667887e-09
GSE15471	gsva_ssgsea	immune_myeloid	36	36	0.3419226669111819	0.5100844923469604	0.1681618254357784	7.289490052661897e-05	0.7646604938271605	0.0002691504019444393
GSE15471	gsva_ssgsea	t_cell	36	36	0.2383961260295992	0.3202510245052046	0.0818548984756054	0.0233022617454309	0.6550925925925926	0.0399467344207387
GSE15471	gsva_ssgsea	b_cell	36	36	0.1644269796993601	0.1898150620982762	0.025388082398916	0.3668203366691319	0.5625	0.5030678902890953
GSE15471	gsva_ssgsea	endothelial	36	36	0.3126685516568345	0.3482613212698364	0.0355927696130018	0.0069444970878641	0.683641975308642	0.013333434408699
GSE15471	gsva_ssgsea	ductal_epithelial	36	36	0.3770392459697974	0.5060442655874743	0.1290050196176769	5.724915622353118e-07	0.8263888888888888	4.22762999804538e-06
GSE15471	gsva_ssgsea	acinar_normal	36	36	0.4833823131714039	0.5191120196755334	0.0357297065041295	0.1794536357555126	0.4074074074074074	0.2610234701898365
GSE15471	gsva_ssgsea	endocrine_normal	36	36	0.391004418362663	0.4115655827752283	0.0205611644125652	0.4427504550287662	0.4467592592592592	0.5822471737364597
GSE15471	marker_zscore	caf_fibroblast	36	36	-0.7040851027955839	0.7040851027955837	1.4081702055911676	3.041644947639143e-11	0.9128086419753086	1.4599895748667887e-09
GSE15471	marker_zscore	immune_myeloid	36	36	-0.4684921175443012	0.468492117544301	0.9369842350886022	5.598602811227963e-05	0.7685185185185185	0.0002336808129903845
GSE15471	marker_zscore	t_cell	36	36	-0.0764057024534793	0.0764057024534793	0.1528114049069586	0.1686951954462371	0.5949074074074074	0.2491498271205964
GSE15471	marker_zscore	b_cell	36	36	0.0624270917595784	-0.062427091759578	-0.1248541835191564	0.724372501457536	0.4753086419753086	0.8278542873800411
GSE15471	marker_zscore	endothelial	36	36	-0.1012688778569678	0.1012688778569678	0.2025377557139356	0.0382348665576616	0.6419753086419753	0.0643955647286933
GSE15471	marker_zscore	ductal_epithelial	36	36	-0.3361574840131775	0.3361574840131773	0.6723149680263548	6.225486068645035e-05	0.7669753086419753	0.0002490194427458014
GSE15471	marker_zscore	acinar_normal	36	36	0.1177946702692615	-0.1177946702692615	-0.2355893405385231	0.0798534920742618	0.3796296296296296	0.1216815117322085
GSE15471	marker_zscore	endocrine_normal	36	36	0.0195877903023873	-0.0195877903023873	-0.0391755806047746	0.6828118487560149	0.4714506172839506	0.7897582828985231
GSE28735	gsva_ssgsea	caf_fibroblast	45	45	0.4885202781025806	0.5733961385742085	0.0848758604716278	5.182722740803852e-05	0.7422222222222222	0.00022790937675011823
GSE28735	gsva_ssgsea	immune_myeloid	45	45	0.299953625537441	0.350737449616586	0.050783824079145	0.1276525759133822	0.5935802469135802	0.1914788638700733
GSE28735	gsva_ssgsea	t_cell	45	45	0.0343915430063997	0.0356385741833427	0.0012470311769429	0.8471853820564911	0.5120987654320988	0.9242022349707176
GSE28735	gsva_ssgsea	b_cell	45	45	-0.0412469191496067	-0.0471371089144115	-0.0058901897648048	0.6298525847231342	0.5298765432098765	0.7626650694503865
GSE28735	gsva_ssgsea	endothelial	45	45	0.1952807985896325	0.1759403668255994	-0.0193404317640331	0.6703466150831844	0.4735802469135802	0.7847960371705572
GSE28735	gsva_ssgsea	ductal_epithelial	45	45	0.4606440175318945	0.5633771158804334	0.1027330983485388	6.555509145432981e-11	0.8716049382716049	2.097762926538554e-09
GSE28735	gsva_ssgsea	acinar_normal	45	45	0.5485397231008031	0.4659806239416664	-0.0825590991591366	0.0001002960538264022	0.2666666666666666	0.00035660819138276344
GSE28735	gsva_ssgsea	endocrine_normal	45	45	0.3096575516631563	0.066758858637117	-0.2428986930260392	2.075741463217576e-08	0.1738271604938271	1.8115561860807937e-07
GSE28735	marker_zscore	caf_fibroblast	45	45	-0.4132243903408779	0.4132243903408777	0.8264487806817558	2.7055508590008196e-05	0.7506172839506173	0.00013683146989159516
GSE28735	marker_zscore	immune_myeloid	45	45	-0.205560483159643	0.2055604831596433	0.4111209663192864	0.0757670531145245	0.6088888888888889	0.1173167274031347
GSE28735	marker_zscore	t_cell	45	45	0.0333212331187261	-0.0333212331187261	-0.0666424662374522	0.8660958697305744	0.4893827160493827	0.934215769597024
GSE28735	marker_zscore	b_cell	45	45	0.0250359784754861	-0.0250359784754858	-0.0500719569509719	0.7419639691327654	0.5204938271604939	0.8373217585687887
GSE28735	marker_zscore	endothelial	45	45	0.1100662245449275	-0.1100662245449282	-0.2201324490898558	0.4261918150774298	0.4508641975308642	0.5682557534365731
GSE28735	marker_zscore	ductal_epithelial	45	45	-0.375752398638134	0.375752398638134	0.7515047972762681	1.754835274701241e-08	0.8276543209876543	1.6846418637131913e-07
GSE28735	marker_zscore	acinar_normal	45	45	0.3686156961523507	-0.3686156961523505	-0.7372313923047014	0.00011165565588637053	0.2681481481481481	0.00037741412354415447
GSE28735	marker_zscore	endocrine_normal	45	45	0.3832602821249799	-0.3832602821249798	-0.7665205642499597	2.742038250139294e-07	0.1980246913580247	2.1936306001114357e-06
GSE62165	gsva_ssgsea	caf_fibroblast	13	118	0.3051959467088696	0.4888921611863259	0.1836962144774563	4.78432246147347e-09	0.9960886571056062	6.872206940162015e-08
GSE62165	gsva_ssgsea	immune_myeloid	13	118	0.2724034576644937	0.4105714471919995	0.1381679895275057	5.8869510696218e-06	0.8839634941329857	3.53217064177308e-05
GSE62165	gsva_ssgsea	t_cell	13	118	-0.0829573650615572	0.0430766479223723	0.1260340129839295	0.0003702449633679158	0.8018252933507171	0.0009807173322190009
GSE62165	gsva_ssgsea	b_cell	13	118	-0.2365586821118704	-0.1714427427586703	0.0651159393532	0.0104773999368741	0.7170795306388527	0.0193428921911522
GSE62165	gsva_ssgsea	endothelial	13	118	0.1353435857341519	0.1350406962425314	-0.00030288949162043943	0.9907867544369782	0.5013037809647979	1.0
GSE62165	gsva_ssgsea	ductal_epithelial	13	118	0.5077781038780123	0.5373170204003975	0.0295389165223852	5.22292321719021e-05	0.8428943937418514	0.00022790937675011823
GSE62165	gsva_ssgsea	acinar_normal	13	118	0.6062247697536458	0.3662784789262807	-0.2399462908273651	9.09858643888281e-09	0.0130378096479791	1.0918303726659373e-07
GSE62165	gsva_ssgsea	endocrine_normal	13	118	0.4508150326574295	0.3005838217008958	-0.1502312109565337	0.0013808931776084	0.2288135593220339	0.0033141436262602
GSE62165	marker_zscore	caf_fibroblast	13	118	-1.958317780217332	0.21574687409174	2.1740646543090723	5.0109842272014706e-09	0.9954367666232072	6.872206940162015e-08
GSE62165	marker_zscore	immune_myeloid	13	118	-1.4277112394157991	0.1572902212915711	1.5850014607073704	6.807618866404592e-06	0.8813559322033898	3.844302418675535e-05
GSE62165	marker_zscore	t_cell	13	118	-0.534069845828921	0.0588382033540338	0.5929080491829548	0.004237838709843	0.742503259452412	0.0092461935487483
GSE62165	marker_zscore	b_cell	13	118	0.0527855893908593	-0.0058153615430607	-0.05860095093392	0.9969288574787192	0.499348109517601	1.0
GSE62165	marker_zscore	endothelial	13	118	0.0791663195665004	-0.0087217131725802	-0.0878880327390807	0.6140968272546138	0.4569752281616688	0.7626650694503865
GSE62165	marker_zscore	ductal_epithelial	13	118	-0.6383783452822038	0.0703298177005815	0.7087081629827854	3.064864325846166e-05	0.8533246414602347	0.00014711348764061597
GSE62165	marker_zscore	acinar_normal	13	118	1.0722707387002803	-0.1181315220602003	-1.1904022607604807	1.3070240402750036e-08	0.0182529335071707	1.394158976293337e-07
GSE62165	marker_zscore	endocrine_normal	13	118	0.536214247172479	-0.0590744509596798	-0.5952886981321588	0.0051371225142201	0.2627118644067797	0.0102742450284403
GSE16515	gsva_ssgsea	caf_fibroblast	16	36	0.4426619405859843	0.5328508352177411	0.0901888946317567	0.0167001091949667	0.7083333333333334	0.029149281503942
GSE16515	gsva_ssgsea	immune_myeloid	16	36	0.4097625959606299	0.476816605382294	0.0670540094216641	0.449261338387291	0.5677083333333334	0.5828255200699991
GSE16515	gsva_ssgsea	t_cell	16	36	0.172587175429892	0.2580622588342522	0.0854750834043602	0.5757541958013312	0.5503472222222222	0.736965370625704
GSE16515	gsva_ssgsea	b_cell	16	36	0.1088520288552662	0.0958682815108397	-0.0129837473444265	0.8985505020141774	0.4878472222222222	0.9584538688151224
GSE16515	gsva_ssgsea	endothelial	16	36	0.2932693904415346	0.242602427495862	-0.0506669629456725	0.0477757756021036	0.3263888888888889	0.0764412409633657
GSE16515	gsva_ssgsea	ductal_epithelial	16	36	0.4192524043109921	0.5264690490472488	0.1072166447362566	2.3371171886291433e-10	0.9704861111111112	5.609081252709944e-09
GSE16515	gsva_ssgsea	acinar_normal	16	36	0.5448965549944329	0.4160612821321284	-0.1288352728623044	0.0124829780770397	0.2829861111111111	0.0226106772716191
GSE16515	gsva_ssgsea	endocrine_normal	16	36	0.5825970718924905	0.3918845342822592	-0.1907125376102313	0.0020858107827261	0.2361111111111111	0.004767567503374
GSE16515	marker_zscore	caf_fibroblast	16	36	-0.5188247863781708	0.2305887939458535	0.7494135803240243	0.0433456391040739	0.6770833333333334	0.0717445061032948
GSE16515	marker_zscore	immune_myeloid	16	36	-0.3460468295910953	0.1537985909293755	0.4998454205204709	0.3399151634881579	0.5850694444444444	0.4729254448530893
GSE16515	marker_zscore	t_cell	16	36	-0.1561647302373932	0.0694065467721749	0.2255712770095682	0.6305755102794155	0.5434027777777778	0.7626650694503865
GSE16515	marker_zscore	b_cell	16	36	0.1168316414482655	-0.0519251739770069	-0.1687568154252724	0.6305755102794155	0.4565972222222222	0.7626650694503865
GSE16515	marker_zscore	endothelial	16	36	0.3234671054707823	-0.1437631579870142	-0.4672302634577965	0.05775247344454	0.3333333333333333	0.0908891385356696
GSE16515	marker_zscore	ductal_epithelial	16	36	-0.8137876123244642	0.3616833832553174	1.1754709955797815	6.716075818686555e-10	0.9635416666666666	1.2894865571878184e-08
GSE16515	marker_zscore	acinar_normal	16	36	0.4515966436523571	-0.2007096194010476	-0.6523062630534047	0.0086645956991036	0.2725694444444444	0.0163098271983127
GSE16515	marker_zscore	endocrine_normal	16	36	0.4928949121667027	-0.2190644054074235	-0.7119593175741262	0.0029919058303568	0.2447916666666666	0.006679603714285
GSE71989	gsva_ssgsea	caf_fibroblast	8	13	0.2943892808241909	0.6033626804664987	0.3089733996423077	0.00011794191360754829	0.9615384615384616	0.00037741412354415447
GSE71989	gsva_ssgsea	immune_myeloid	8	13	0.3157841655823696	0.5451660332650544	0.2293818676826847	0.00018674136321195143	0.9519230769230768	0.0005602240896358543
GSE71989	gsva_ssgsea	t_cell	8	13	0.1062892603290078	0.3031288070495277	0.1968395467205199	0.0045407636738906	0.8653846153846154	0.0092747513339042
GSE71989	gsva_ssgsea	b_cell	8	13	0.047244630183862	0.1441290878715887	0.0968844576877266	0.8044424787458844	0.5384615384615384	0.8876606662023552
GSE71989	gsva_ssgsea	endothelial	8	13	0.3951744185629541	0.4009164243443515	0.0057420057813973	0.9717725686765936	0.4903846153846153	1.0
GSE71989	gsva_ssgsea	ductal_epithelial	8	13	0.5181667971507573	0.5742669941892181	0.0561001970384608	0.015922158337019	0.8173076923076923	0.0283060592658115
GSE71989	gsva_ssgsea	acinar_normal	8	13	0.7391344879846435	0.4260408880269675	-0.313093599957676	0.0045407636738906	0.1346153846153846	0.0092747513339042
GSE71989	gsva_ssgsea	endocrine_normal	8	13	0.707283317602761	0.1317488190065764	-0.5755344985961846	0.0006585090176421446	0.0769230769230769	0.001620945274196
GSE71989	marker_zscore	caf_fibroblast	8	13	-1.0121758251441269	0.6228774308579242	1.6350532560020512	6.879944960440316e-05	0.971153846153846	0.0002641898864809081
GSE71989	marker_zscore	immune_myeloid	8	13	-0.8706739894697038	0.5357993781352026	1.4064733676049064	0.00011794191360754829	0.9615384615384616	0.00037741412354415447
GSE71989	marker_zscore	t_cell	8	13	-0.4537544532702445	0.279233509704766	0.7329879629750105	0.0445525578652513	0.7692307692307693	0.0724922975434598
GSE71989	marker_zscore	b_cell	8	13	-0.203680995414547	0.1253421510243367	0.3290231464388837	0.7501007420512065	0.4519230769230769	0.8373217585687887
GSE71989	marker_zscore	endothelial	8	13	-0.0610083333343981	0.037543589744245	0.0985519230786432	0.9717725686765936	0.4903846153846153	1.0
GSE71989	marker_zscore	ductal_epithelial	8	13	-0.1886435469344634	0.1160883365750542	0.3047318835095176	0.301125362425672	0.6442307692307693	0.4251181587185959
GSE71989	marker_zscore	acinar_normal	8	13	0.8087675361689018	-0.4977030991808628	-1.3064706353497648	0.0059560666371811	0.1442307692307692	0.0116690285136611
GSE71989	marker_zscore	endocrine_normal	8	13	0.7929346889536124	-0.4879598085868384	-1.2808944975404508	0.0045407636738906	0.1346153846153846	0.0092747513339042
GSE91035	gsva_ssgsea	caf_fibroblast	8	25	0.334739796233815	0.5482583952820369	0.2135185990482219	1.728589047832652e-06	0.98	1.1062969906128971e-05
GSE91035	gsva_ssgsea	immune_myeloid	8	25	0.318024484171051	0.4383032975235659	0.1202788133525148	0.0003023590342833947	0.9	0.0008293276368915969
GSE91035	gsva_ssgsea	t_cell	8	25	0.0487092865972191	0.2049334748995115	0.1562241883022924	0.0015345549272134	0.86	0.0035931042198168
GSE91035	gsva_ssgsea	b_cell	8	25	0.0297208235626726	0.0704679136521684	0.0407470900894958	0.9507830364337596	0.49	1.0
GSE91035	gsva_ssgsea	endothelial	8	25	0.1541074396953691	0.1400783983459238	-0.0140290413494452	0.3737693526347586	0.39	0.5053782796188285
GSE91035	gsva_ssgsea	ductal_epithelial	8	25	0.5054436074251462	0.4960537887210346	-0.0093898187041114	1.0	0.5	1.0
GSE91035	gsva_ssgsea	acinar_normal	8	25	0.6421489810321335	0.2722358107248517	-0.3699131703072817	0.00014765031450237234	0.085	0.0004572396836202498
GSE91035	gsva_ssgsea	endocrine_normal	8	25	0.5937333808237247	0.2183628598235993	-0.3753705210001253	2.708122841604488e-05	0.055	0.00013683146989159516
GSE91035	marker_zscore	caf_fibroblast	8	25	-1.040263762059551	0.6170043305188847	1.6572680925784358	1.0083436112357137e-06	0.985	6.914356191330607e-06
GSE91035	marker_zscore	immune_myeloid	8	25	-0.85890752873987	0.3518937791637983	1.2108013079036684	0.0003023590342833947	0.9	0.0008293276368915969
GSE91035	marker_zscore	t_cell	8	25	-0.8433114992796604	0.1487053572751131	0.9920168565547736	0.0004698881228358425	0.89	0.0011870857840063
GSE91035	marker_zscore	b_cell	8	25	-0.2879354623746968	0.1151528049115995	0.4030882672862963	0.6355542245419887	0.56	0.7626650694503865
GSE91035	marker_zscore	endothelial	8	25	-0.032044891944672	-0.0489958523385085	-0.0169509603938365	0.6652994967789184	0.445	0.7847960371705572
GSE91035	marker_zscore	ductal_epithelial	8	25	-0.0544020760568369	0.1355781635215889	0.1899802395784258	0.2200663835814002	0.65	0.3153189973703645
GSE91035	marker_zscore	acinar_normal	8	25	0.975277415094156	-0.4811334643590196	-1.4564108794531756	0.0003779848051260732	0.105	0.0009807173322190009
GSE91035	marker_zscore	endocrine_normal	8	25	0.8231698567546463	-0.3091268704430067	-1.132296727197653	0.00023984173038678043	0.095	0.0006977213974888158
