gene	depmap_expression_col	n_all_expression	n_pancreas_expression	mean_expression_all	mean_expression_pancreas	pancreas_expression_percentile	depmap_crispr_col	n_all_crispr	n_pancreas_crispr	median_gene_effect_all	median_gene_effect_pancreas	n_pancreas_strong_dependency_lt_minus1	n_pancreas_dependency_lt_minus05	depmap_expression_status	depmap_crispr_status
COL12A1	COL12A1 (1303)	1775.0	58.0	3.22291717068169	3.0802701787931035	0.52	COL12A1 (1303)	1208.0	48.0	-0.0077308688152443	-0.034102224581492	0.0	0.0	matched	matched
SGIP1	SGIP1 (84251)	1775.0	58.0	0.7281817172016901	0.2337280231551724	0.6433802816901408	SGIP1 (84251)	1208.0	48.0	-0.0904586039442599	-0.0408207175043092	0.0	0.0	matched	matched
ASAP2	ASAP2 (8853)	1775.0	58.0	3.181905730035493	4.390859796551724	0.8253521126760563	ASAP2 (8853)	1208.0	48.0	0.1338565388998163	0.1669031857838027	0.0	0.0	matched	matched
SLC44A1	SLC44A1 (23446)	1775.0	58.0	4.147090357423662	4.202287755172414	0.5025352112676056	SLC44A1 (23446)	1208.0	48.0	0.0322057839689197	0.0331165915025939	0.0	0.0	matched	matched
NET1	NET1 (10276)	1775.0	58.0	5.044805246366197	6.216882272413793	0.8140845070422535	NET1 (10276)	1208.0	48.0	0.0060545470180278	-0.0516257552063283	0.0	0.0	matched	matched
CHAD	CHAD (1101)	1775.0	58.0	0.3426236347521126	0.5541233758448276	0.8005633802816902	CHAD (1101)	1208.0	48.0	-0.111450462048252	-0.0787557628039091	0.0	0.0	matched	matched
GATA2	GATA2 (2624)	1775.0	58.0	2.631698094038873	2.5305971879310345	0.504225352112676	GATA2 (2624)	1208.0	48.0	0.0509560079472395	0.0840122264647979	0.0	0.0	matched	matched
ALDH1L2	ALDH1L2 (160428)	1775.0	58.0	1.9185571892377464	1.2220558020344827	0.4692957746478873	ALDH1L2 (160428)	1208.0	48.0	0.0103903156055122	0.048612010805591	0.0	0.0	matched	matched
PRKCQ	PRKCQ (5588)	1775.0	58.0	0.747620767340845	0.5708486111551724	0.6315492957746479	PRKCQ (5588)	1208.0	48.0	0.0568070619024028	0.0649411792316649	0.0	0.0	matched	matched
ALDH1A1	ALDH1A1 (216)	1775.0	58.0	2.653328381016338	3.57805891137931	0.7154929577464789	ALDH1A1 (216)	1208.0	48.0	0.0587059261654062	0.0886774133452635	0.0	0.0	matched	matched
OXSR1	OXSR1 (9943)	1775.0	58.0	4.722911488904225	4.632163374137931	0.4309859154929577	OXSR1 (9943)	1208.0	48.0	-0.0183041369312806	-0.0172478356705218	0.0	0.0	matched	matched
TMC5	TMC5 (79838)	1775.0	58.0	1.1851318774287325	3.490316129913793	0.8630985915492958	TMC5 (79838)	1208.0	48.0	-0.0412679433761616	-0.0305854055773867	0.0	0.0	matched	matched
PTPRS	PTPRS (5802)	1775.0	58.0	3.2353940295211268	2.099565617137931	0.24	PTPRS (5802)	1208.0	48.0	0.06607436797441	0.0988019329134582	0.0	0.0	matched	matched
F8	F8 (2157)	1775.0	58.0	1.951582095788169	1.8942415594827584	0.523943661971831	F8 (2157)	1208.0	48.0	0.0703876068670263	0.070502102510222	0.0	0.0	matched	matched
KITLG	KITLG (4254)	1775.0	58.0	2.9395074907402816	3.5765439937931034	0.6005633802816901	KITLG (4254)	1208.0	48.0	0.0992175488890934	0.0716310121568575	0.0	0.0	matched	matched
KLF11	KLF11 (8462)	1775.0	58.0	2.6636672135661974	2.4737328643103447	0.396056338028169	KLF11 (8462)	1208.0	48.0	0.002172919672045	0.0218997270690334	0.0	0.0	matched	matched
ITGB8	ITGB8 (3696)	1775.0	58.0	2.209985445713803	3.144875543448276	0.6878873239436619	ITGB8 (3696)	1208.0	48.0	0.008708991721945	0.0062462296556781	0.0	0.0	matched	matched
SLC6A14	SLC6A14 (11254)	1775.0	58.0	0.4332419079605634	1.8291538008103447	0.92	SLC6A14 (11254)	1208.0	48.0	0.0880369915465942	0.1031542212226453	0.0	0.0	matched	matched
KDM5B	KDM5B (10765)	1775.0	58.0	4.536547312579718	4.3630976517241375	0.3436619718309859	KDM5B (10765)	1208.0	48.0	-0.078182084900758	-0.0624617286131916	0.0	0.0	matched	matched
SLC39A8	SLC39A8 (64116)	1775.0	58.0	3.759192033824789	3.70112226724138	0.4523943661971831	SLC39A8 (64116)	1208.0	48.0	-0.0288835635188184	-0.0364607595483645	0.0	0.0	matched	matched
KRT14	KRT14 (3861)	1775.0	58.0	1.2123716809684506	0.8603718891206896	0.752112676056338	KRT14 (3861)	1208.0	48.0	-0.0258786657731307	0.0077063494593471	0.0	0.0	matched	matched
PRKAR2B	PRKAR2B (5577)	1775.0	58.0	2.3161886207177464	1.088700779724138	0.3149295774647887	PRKAR2B (5577)	1208.0	48.0	0.0766399249160005	0.10248814467431	0.0	0.0	matched	matched
LY75	LY75 (4065)	1775.0	58.0	1.4741452830630986	2.658623555448276	0.7357746478873239	LY75 (4065)	1208.0	48.0	0.0185996419073568	0.0544223534986712	0.0	0.0	matched	matched
SSH1	SSH1 (54434)	1775.0	58.0	3.514876829064789	3.368475301724138	0.4676056338028169	SSH1 (54434)	1208.0	48.0	-0.1674517452122437	-0.1835429410993204	0.0	0.0	matched	matched
NR3C2	NR3C2 (4306)	1775.0	58.0	0.6875587287847887	0.9235632058275862	0.7256338028169014	NR3C2 (4306)	1208.0	48.0	0.0443934323592883	0.0431109012424382	0.0	0.0	matched	matched
PRKCI	PRKCI (5584)	1775.0	58.0	4.983410075492958	5.203384346551724	0.5943661971830986	PRKCI (5584)	1208.0	48.0	-0.062467906642689	-0.0909679567669201	0.0	7.0	matched	matched
CPEB3	CPEB3 (22849)	1775.0	58.0	0.9572270466535212	0.9354133651724138	0.5780281690140845	CPEB3 (22849)	1208.0	48.0	0.0504243515298414	0.097657219899864	0.0	0.0	matched	matched
ZDHHC7	ZDHHC7 (55625)	1775.0	58.0	5.316140459380282	5.841630581034483	0.7346478873239437	ZDHHC7 (55625)	1208.0	48.0	-0.1159848083724472	-0.0936146146454776	0.0	1.0	matched	matched
LPP	LPP (4026)	1775.0	58.0	3.0511237991921125	3.236296874137931	0.5115492957746479	LPP (4026)	1208.0	48.0	0.0601988356711518	0.0950985695001496	0.0	0.0	matched	matched
PLEKHA7	PLEKHA7 (144100)	1775.0	58.0	2.3810374979014086	4.1696645460344826	0.8140845070422535	PLEKHA7 (144100)	1208.0	48.0	0.0275797090307743	0.0188941250238756	0.0	0.0	matched	matched
DDC	DDC (1644)	1775.0	58.0	0.8860180076157746	0.6840798924482758	0.7859154929577464	DDC (1644)	1208.0	48.0	0.1066659753036143	0.0985204533131445	0.0	0.0	matched	matched
CAST	CAST (831)	1775.0	58.0	6.178015492929577	6.801331975862069	0.6726760563380282	CAST (831)	1208.0	48.0	-0.2143471942626955	-0.2389455732740218	0.0	3.0	matched	matched
PSMB3	PSMB3 (5691)	1775.0	58.0	7.993170868	7.951541679310345	0.4901408450704225	PSMB3 (5691)	1208.0	48.0	-3.0969629945885435	-3.2228731355946905	48.0	48.0	matched	matched
PRIM2	PRIM2 (5558)	1775.0	58.0	4.456976449504225	4.162134527586207	0.3357746478873239	PRIM2 (5558)	74.0	2.0	-3.2190293358167468	-3.269755220420169	2.0	2.0	matched	matched
WNT5A	WNT5A (7474)	1775.0	58.0	2.217769642505916	0.722934479362069	0.4078873239436619	WNT5A (7474)	1208.0	48.0	0.0368276365006641	0.016923751093932	0.0	0.0	matched	matched
SLC6A6	SLC6A6 (6533)	1775.0	58.0	3.928324310771831	4.101778351724138	0.5554929577464789	SLC6A6 (6533)	1208.0	48.0	-0.2116801130509407	-0.2516171146821263	0.0	3.0	matched	matched
NPR3	NPR3 (4883)	1775.0	58.0	1.1847580178078874	0.4213352391206896	0.5419718309859155	NPR3 (4883)	1208.0	48.0	0.1111419590290911	0.1411055460503903	0.0	0.0	matched	matched
CITED2	CITED2 (10370)	1775.0	58.0	5.049276699687887	4.73071013275862	0.4473239436619718	CITED2 (10370)	1208.0	48.0	-0.1614361465826806	-0.080655689120391	0.0	0.0	matched	matched
TANC2	TANC2 (26115)	1775.0	58.0	2.847799574251831	2.778891413620689	0.4507042253521127	TANC2 (26115)	1208.0	48.0	0.0094087461783116	0.0268887945614131	0.0	0.0	matched	matched
GRHL1	GRHL1 (29841)	1775.0	58.0	1.7069035219442257	2.3513824339655174	0.7194366197183099	GRHL1 (29841)	1208.0	48.0	0.1407618013726721	0.1019933925805067	0.0	0.0	matched	matched
KIAA1324														not_found	not_found
CYP27C1	CYP27C1 (339761)	1775.0	58.0	0.6573254187228169	0.8382441965862069	0.6912676056338029	CYP27C1 (339761)	1208.0	48.0	0.0106436139497094	0.0172217924976528	0.0	0.0	matched	matched
BLZF1	BLZF1 (8548)	1775.0	58.0	4.414704412901409	4.612716205172414	0.5853521126760564	BLZF1 (8548)	1208.0	48.0	-0.0878603249531857	-0.1046299914522383	0.0	0.0	matched	matched
PPFIBP1	PPFIBP1 (8496)	1775.0	58.0	4.764106622217465	4.808969334482758	0.464225352112676	PPFIBP1 (8496)	1208.0	48.0	0.0540709197048518	0.0172335993834208	0.0	0.0	matched	matched
NPR1	NPR1 (4881)	1775.0	58.0	0.4203763003233803	0.2579296048275862	0.6822535211267605	NPR1 (4881)	1208.0	48.0	-0.0328492609185942	-0.0313365939420455	0.0	0.0	matched	matched
NUAK1	NUAK1 (9891)	1775.0	58.0	2.337708071456338	2.3622602027586206	0.4974647887323943	NUAK1 (9891)	1208.0	48.0	-0.0294214901183208	-0.0286132192938019	0.0	0.0	matched	matched
TRIM59	TRIM59 (286827)	1775.0	58.0	3.79460866903662	4.177543108620689	0.6197183098591549	TRIM59 (286827)	1208.0	48.0	0.1135115844461052	0.1377647739611052	0.0	0.0	matched	matched
SLC46A1	SLC46A1 (113235)	1775.0	58.0	2.7998315654895776	2.965508456896552	0.5295774647887324	SLC46A1 (113235)	74.0	2.0	0.0038137260028596	-0.1079097309536456	0.0	0.0	matched	matched
PGM2L1	PGM2L1 (283209)	1775.0	58.0	1.8704968373205637	1.8900701936206896	0.5577464788732395	PGM2L1 (283209)	1208.0	48.0	0.0098844246726613	0.068194112824816	0.0	0.0	matched	matched
HIST1H4H														not_found	not_found
SERPINB9	SERPINB9 (5272)	1775.0	58.0	1.5457020972366198	2.781768075862069	0.7707042253521127	SERPINB9 (5272)	1208.0	48.0	0.0937850334329029	0.1226223127768738	0.0	0.0	matched	matched
CERS6	CERS6 (253782)	1775.0	58.0	3.6478942511030983	3.630795822413793	0.4270422535211267	CERS6 (253782)	1208.0	48.0	0.0390866539348761	-0.0041303398578463	0.0	0.0	matched	matched
HADH	HADH (3033)	1775.0	58.0	5.267300135887324	5.047457037931035	0.4191549295774648	HADH (3033)	1208.0	48.0	-0.0916177032049317	-0.1081324160180095	0.0	0.0	matched	matched
ARL6IP1	ARL6IP1 (23204)	1775.0	58.0	8.16583003571831	8.529070120689655	0.652394366197183	ARL6IP1 (23204)	1208.0	48.0	-0.0526764659740988	-0.0422560246596821	0.0	0.0	matched	matched
CEACAM6	CEACAM6 (4680)	1775.0	58.0	1.4681629857521126	5.112120223965517	0.8856338028169014	CEACAM6 (4680)	1208.0	48.0	-0.2329285364794534	-0.1905769184330871	0.0	2.0	matched	matched
CTNNB1	CTNNB1 (1499)	1775.0	58.0	7.201557704901409	7.240891463793104	0.4952112676056338	CTNNB1 (1499)	1208.0	48.0	-0.1400704768640617	-0.2614342509832012	6.0	14.0	matched	matched
OXR1	OXR1 (55074)	1775.0	58.0	4.839885457571831	4.875413018965517	0.4873239436619718	OXR1 (55074)	1208.0	48.0	-0.00019855470469475577	0.0404738559616505	0.0	0.0	matched	matched
TMSB10	TMSB10 (9168)	1775.0	58.0	10.908513827515494	11.221962258620689	0.5701408450704225	TMSB10 (9168)	1090.0	40.0	-0.4114263304526805	-0.3819042878504496	1.0	10.0	matched	matched
STK38L	STK38L (23012)	1775.0	58.0	4.205103425957183	4.269015760344828	0.5442253521126761	STK38L (23012)	1208.0	48.0	0.0243517704466448	0.051854949645543	0.0	0.0	matched	matched
CST1	CST1 (1469)	1775.0	58.0	0.8026704614180282	2.000711588327586	0.8709859154929578	CST1 (1469)	1208.0	48.0	0.0023823487665342	-0.0204970378029266	0.0	0.0	matched	matched
IVNS1ABP	IVNS1ABP (10625)	1775.0	58.0	5.919028582535211	5.494851294827586	0.3357746478873239	IVNS1ABP (10625)	1208.0	48.0	0.0205535758615625	0.0067181234952851	0.0	0.0	matched	matched
FMNL2	FMNL2 (114793)	1775.0	58.0	3.719960774290704	3.965523873103448	0.504225352112676	FMNL2 (114793)	1208.0	48.0	0.089773061675121	0.0409840115798436	0.0	0.0	matched	matched
MCM10	MCM10 (55388)	1775.0	58.0	3.37053506456	3.1903486322413794	0.3943661971830985	MCM10 (55388)	1208.0	48.0	-0.4801846366877368	-0.4066108399556052	1.0	12.0	matched	matched
RUVBL1	RUVBL1 (8607)	1775.0	58.0	6.011203136338028	6.019337277586207	0.472112676056338	RUVBL1 (8607)	1208.0	48.0	-2.405512323674724	-2.312872173951325	48.0	48.0	matched	matched
FAT1	FAT1 (2195)	1775.0	58.0	4.896243430992676	6.045551081034483	0.647887323943662	FAT1 (2195)	1208.0	48.0	0.0679157782777132	0.0917940412611098	0.0	0.0	matched	matched
PTPN14	PTPN14 (5784)	1775.0	58.0	2.912963165258028	3.3658043570689657	0.5408450704225352	PTPN14 (5784)	1208.0	48.0	0.1867600823037335	0.2364598506004543	0.0	0.0	matched	matched
NRG3	NRG3 (10718)	1775.0	58.0	0.2303957720670422	0.219315487	0.8422535211267606	NRG3 (10718)	1208.0	48.0	0.0076995260543382	0.0341820744716636	0.0	0.0	matched	matched
PERP	PERP (64065)	1775.0	58.0	5.186240670263662	6.73431085862069	0.7228169014084507	PERP (64065)	1208.0	48.0	-0.0634688868314402	-0.0571254402613057	0.0	0.0	matched	matched
AP3M2	AP3M2 (10947)	1775.0	58.0	3.912671057038873	4.031618182758621	0.556056338028169	AP3M2 (10947)	1208.0	48.0	-0.151172046327375	-0.1443958527715149	0.0	1.0	matched	matched
ETV1	ETV1 (2115)	1775.0	58.0	2.4681448044997185	3.0014887903448275	0.603943661971831	ETV1 (2115)	1208.0	48.0	0.0949731958674046	0.0564627574750169	0.0	0.0	matched	matched
SERPINB3	SERPINB3 (6317)	1775.0	58.0	0.4624851072895775	0.7402795737413793	0.8670422535211267	SERPINB3 (6317)	1165.0	48.0	0.1483004145134311	0.1619634949129266	0.0	0.0	matched	matched
ANO5	ANO5 (203859)	1775.0	58.0	0.7733185678011267	0.5423412649310345	0.6540845070422535	ANO5 (203859)	1208.0	48.0	-0.047671763903849	-0.0860844758134591	0.0	1.0	matched	matched
PLCB1	PLCB1 (23236)	1775.0	58.0	2.274461011833803	1.5103301286206896	0.3492957746478873	PLCB1 (23236)	1208.0	48.0	0.1000417827794679	0.092447880635687	0.0	0.0	matched	matched
ATP2C1	ATP2C1 (27032)	1775.0	58.0	6.005122827211268	6.236405251724138	0.6045070422535211	ATP2C1 (27032)	1208.0	48.0	-0.1189013729677013	-0.10954914665549	0.0	1.0	matched	matched
PARP9	PARP9 (83666)	1775.0	58.0	3.495066336712113	3.9883060655172415	0.6467605633802817	PARP9 (83666)	1208.0	48.0	0.0701742952565029	0.0591611694818401	0.0	0.0	matched	matched
CD276	CD276 (80381)	1775.0	58.0	5.158886078326761	5.175851327586207	0.3374647887323944	CD276 (80381)	1208.0	48.0	-0.1997109600566278	-0.2369099224225352	0.0	2.0	matched	matched
F5	F5 (2153)	1775.0	58.0	0.3337607527740845	0.9538775418448276	0.9053521126760564	F5 (2153)	1208.0	48.0	0.0103006168346194	0.0547620221014544	0.0	0.0	matched	matched
SIDT2	SIDT2 (51092)	1775.0	58.0	3.5626427461070422	3.532443218965517	0.4985915492957746	SIDT2 (51092)	1208.0	48.0	-0.0055996579282398	0.0229743854780297	0.0	1.0	matched	matched
DNAJB4	DNAJB4 (11080)	1775.0	58.0	4.36722223459155	3.8836337413793114	0.3695774647887324	DNAJB4 (11080)	1208.0	48.0	0.0103808849787608	0.0122522589609933	0.0	0.0	matched	matched
STON1	STON1 (11037)	1775.0	58.0	1.5246618728614083	0.6911369679310345	0.3352112676056338	STON1 (11037)	1208.0	48.0	0.0773538624269258	0.0502168971970279	0.0	0.0	matched	matched
CHMP5	CHMP5 (51510)	1775.0	58.0	6.159874317802817	6.236538255172414	0.540281690140845	CHMP5 (51510)	1208.0	48.0	-0.7588401441493999	-0.7560404901667105	13.0	39.0	matched	matched
MTMR12	MTMR12 (54545)	1775.0	58.0	3.977683569464789	3.76323105862069	0.3712676056338028	MTMR12 (54545)	1208.0	48.0	0.004158429311252	-0.0052301345749297	0.0	0.0	matched	matched
FGD6	FGD6 (55785)	1775.0	58.0	2.2673744654732397	3.223429	0.7740845070422535	FGD6 (55785)	1208.0	48.0	-0.1150560375320829	-0.1383303523257097	0.0	0.0	matched	matched
LYVE1	LYVE1 (10894)	1775.0	58.0	0.0624832742552112	0.0131999714655172	0.7109859154929578	LYVE1 (10894)	1208.0	48.0	0.004877325290589	-0.0366026608499847	0.0	0.0	matched	matched
EIF4E2	EIF4E2 (9470)	1775.0	58.0	6.44154081171831	6.447411796551724	0.4676056338028169	EIF4E2 (9470)	1208.0	48.0	-0.2475745191026133	-0.271009248236766	0.0	6.0	matched	matched
SLCO1B3	SLCO1B3 (28234)	1775.0	58.0	1.0666932892467609	3.0248775652068964	0.8236619718309859	SLCO1B3 (28234)	1208.0	48.0	0.0339624498338935	0.048594166769562	0.0	0.0	matched	matched
PTTG1IP	PTTG1IP (754)	1775.0	58.0	6.878706863887324	7.398136565517241	0.6721126760563381	PTTG1IP (754)	1208.0	48.0	0.0892824714731456	0.0970120084173785	0.0	0.0	matched	matched
SLC1A1	SLC1A1 (6505)	1775.0	58.0	1.716652673795493	1.9993641454310345	0.607887323943662	SLC1A1 (6505)	1208.0	48.0	0.1097302939736753	0.1203994273693669	0.0	0.0	matched	matched
UXS1	UXS1 (80146)	1775.0	58.0	5.114798913521127	5.233869779310345	0.5397183098591549	UXS1 (80146)	1208.0	48.0	-0.3234157327121227	-0.4334820417413897	8.0	21.0	matched	matched
C5ORF34	C5orf34 (375444)	1775.0	58.0	3.072491585752113	3.001755275862069	0.4546478873239437	C5orf34 (375444)	1208.0	48.0	-0.053058232280069	0.0289688331927445	0.0	0.0	matched	matched
LRRC31	LRRC31 (79782)	1775.0	58.0	0.2599773650185915	0.4153042999827586	0.872112676056338	LRRC31 (79782)	1208.0	48.0	0.0686819299866512	0.0760289228250853	0.0	0.0	matched	matched
KRT15	KRT15 (3866)	1775.0	58.0	2.210068892833803	3.69286648137931	0.7656338028169014	KRT15 (3866)	1208.0	48.0	-0.0873790293154581	-0.0656648128376892	0.0	0.0	matched	matched
CTTN	CTTN (2017)	1775.0	58.0	6.464876471704225	7.503030172413793	0.7391549295774648	CTTN (2017)	1208.0	48.0	-0.1620545650648392	-0.1863467211002639	0.0	1.0	matched	matched
SELK														not_found	not_found
IYD	IYD (389434)	1775.0	58.0	0.1868636153307042	0.2604166442758621	0.8907042253521127	IYD (389434)	1208.0	48.0	-0.0146878566344958	-0.0514473984954193	0.0	0.0	matched	matched
PDK4	PDK4 (5166)	1775.0	58.0	1.136560707815775	2.097919703517241	0.8078873239436619	PDK4 (5166)	1208.0	48.0	0.0537393232795509	0.0914037505099986	0.0	0.0	matched	matched
KCNE3	KCNE3 (10008)	1775.0	58.0	0.9442326648377464	1.324096309137931	0.7814084507042254	KCNE3 (10008)	1208.0	48.0	-0.0714551589155835	-0.0341648726377776	0.0	0.0	matched	matched
BICD1	BICD1 (636)	1775.0	58.0	3.8694324324676055	3.62976096724138	0.3853521126760563	BICD1 (636)	1208.0	48.0	-0.1327729633060294	-0.1654119784230024	0.0	1.0	matched	matched
NR5A2	NR5A2 (2494)	1775.0	58.0	0.6226154734963381	1.4906997318965518	0.8630985915492958	NR5A2 (2494)	1208.0	48.0	-0.0319971783556315	-0.0316824215398563	0.0	0.0	matched	matched
INSIG1	INSIG1 (3638)	1775.0	58.0	5.658759503628169	5.233171522413793	0.3718309859154929	INSIG1 (3638)	1208.0	48.0	0.025446794164007	0.0152800556008359	0.0	0.0	matched	matched
HBA2	HBA2 (3040)	1775.0	58.0	0.808558879870986	0.4217578793103448	0.6107042253521127								matched	not_found
GPD1	GPD1 (2819)	1775.0	58.0	0.5500595531453522	0.6095690479137931	0.716056338028169	GPD1 (2819)	1208.0	48.0	-0.0373134095240287	-0.0335446941943685	0.0	0.0	matched	matched
ELF3	ELF3 (1999)	1775.0	58.0	3.4205182403194367	6.818558204310345	0.7498591549295774	ELF3 (1999)	1208.0	48.0	-0.0301826782289312	-0.0329004090091362	0.0	2.0	matched	matched
NHS	NHS (4810)	1775.0	58.0	1.2574987679504226	1.8873545834655168	0.7047887323943662	NHS (4810)	1208.0	48.0	-0.0382275893203446	-0.0115018916681374	0.0	0.0	matched	matched
ANLN	ANLN (54443)	1775.0	58.0	5.844545963864789	6.517521067241379	0.655774647887324	ANLN (54443)	1208.0	48.0	-0.5063905834243019	-0.6487649860572967	5.0	39.0	matched	matched
GABRP	GABRP (2568)	1775.0	58.0	0.4473632474343662	1.4186460443448277	0.9092957746478874	GABRP (2568)	1208.0	48.0	0.033904102735785	0.0006622083109448004	0.0	0.0	matched	matched
XRCC4	XRCC4 (7518)	1775.0	58.0	3.655228287070423	3.877713803448276	0.6236619718309859	XRCC4 (7518)	1208.0	48.0	-0.2472914052885027	-0.2232774373698813	0.0	3.0	matched	matched
LRP6	LRP6 (4040)	1775.0	58.0	3.1956958369104225	3.214544051724138	0.4484507042253521	LRP6 (4040)	1208.0	48.0	-0.0012858942409414	0.007795148428718	0.0	2.0	matched	matched
TBC1D8	TBC1D8 (11138)	1775.0	58.0	3.283366260174648	4.307254772413793	0.7785915492957747	TBC1D8 (11138)	1208.0	48.0	-0.128409488227695	-0.1257986339131443	0.0	3.0	matched	matched
KIF14	KIF14 (9928)	1775.0	58.0	3.207393283657465	3.217579005172414	0.4501408450704225	KIF14 (9928)	1208.0	48.0	-0.5110169515591232	-0.5818456986539728	2.0	27.0	matched	matched
LRCH1	LRCH1 (23143)	1775.0	58.0	2.9316877241769013	2.8995084362068964	0.4822535211267605	LRCH1 (23143)	1208.0	48.0	0.0600230803147486	0.0704861538302519	0.0	0.0	matched	matched
CYP3A5	CYP3A5 (1577)	1775.0	58.0	1.9014204660901408	3.395204861724138	0.8822535211267606	CYP3A5 (1577)	1208.0	48.0	0.0374656587155303	0.0499984050896936	0.0	0.0	matched	matched
AFAP1	AFAP1 (60312)	1775.0	58.0	2.7763671505030985	3.4825362086206897	0.6585915492957747	AFAP1 (60312)	1208.0	48.0	0.131375561738175	0.1544144340910003	0.0	0.0	matched	matched
C10ORF11														not_found	not_found
NOX4	NOX4 (50507)	1775.0	58.0	0.5136458513149296	0.1361577366724138	0.6647887323943662	NOX4 (50507)	1208.0	48.0	-0.00758756394072	0.0128016148378015	0.0	0.0	matched	matched
RAB38	RAB38 (23682)	1775.0	58.0	2.2478568862895774	2.475315358344828	0.5909859154929578	RAB38 (23682)	1208.0	48.0	0.0810431496533669	0.1054987231986651	0.0	0.0	matched	matched
CYB5D1	CYB5D1 (124637)	1775.0	58.0	3.361797435684507	3.234911570689655	0.4028169014084507	CYB5D1 (124637)	1208.0	48.0	0.1007637548478697	0.1101791798733242	0.0	0.0	matched	matched
VLDLR	VLDLR (7436)	1775.0	58.0	3.407039805626479	1.9502447181896552	0.2495774647887323	VLDLR (7436)	1208.0	48.0	0.0631835130017396	0.0663559250266659	0.0	0.0	matched	matched
ZNF117	ZNF117 (51351)	1775.0	58.0	2.396292495856901	2.3504493186206896	0.512112676056338								matched	not_found
ADIPOQ	ADIPOQ (9370)	1775.0	58.0	0.0105474241323943	0.0016955143275862	0.8135211267605634	ADIPOQ (9370)	1208.0	48.0	0.0983660118085189	0.0839495510598155	0.0	0.0	matched	matched
